source_no,recruitment_name,legacy_racehorse_name,mapped_racehorse_name,mapping_status,horse_id,birthday,detail_birthday,birthday_status,dam,sire,bms,sex,height_cm,chest_cm,cannon_cm,weight_kg,bdate,pred_frweight,price_man_yen,price_source,price_pct,price_pct_provisional,price_pct_status,cutoff,starts_cutoff,wins_cutoff,earnings_cutoff_man_yen,win2plus,performance_status,current_central_earnings_man_yen,current_local_earnings_man_yen,horse_url,result_url,qc_notes
497,レインデートの2017,ブレッシングレイン,,ok_mare_fallback,2017104315,2017-02-06,2017-02-06,ok,レインデート,ディープインパクト,Unbridled's Song,牡,158,177.5,21.3,457,555,487.9,9000.0,netkeiba_horse_top,,0.9433962264150944,provisional_54_of_80,2022-08-23,12,2,2502.0,1,ok,3007.0,0.0,https://db.netkeiba.com/horse/2017104315/,https://db.netkeiba.com/horse/result/2017104315/,
498,ミュージカルロマンスの2017,フォアシュピール,,ok_name_search,2017105579,2017-05-13,2017-05-13,ok,ミュージカルロマンス,ディープインパクト,Concorde's Tune,牡,151,167,20.4,388,459,450.1,10000.0,netkeiba_horse_top,,0.9716981132075472,provisional_54_of_80,2022-08-23,11,1,1010.0,0,ok,1010.0,0.0,https://db.netkeiba.com/horse/2017105579/,https://db.netkeiba.com/horse/result/2017105579/,
499,ヒルダズパッションの2017,サンクテュエール,,ok_name_search,2017105485,2017-02-13,2017-02-13,ok,ヒルダズパッション,ディープインパクト,Canadian Frontier,牝,151,175,19.6,443,548,443.7,8000.0,netkeiba_horse_top,,0.9150943396226415,provisional_54_of_80,2022-08-23,14,2,7083.8,1,ok,7083.0,0.0,https://db.netkeiba.com/horse/2017105485/,https://db.netkeiba.com/horse/result/2017105485/,
500,サミターの2017,アクニディ,,ok_mare_fallback,2017105326,2017-02-16,2017-02-16,ok,サミター,ディープインパクト,ロックオブジブラルタル,牝,149,172.5,19.7,412,545,419.9,7000.0,netkeiba_horse_top,,0.8773584905660378,provisional_54_of_80,2022-08-23,4,0,0.0,0,ok,0.0,0.0,https://db.netkeiba.com/horse/2017105326/,https://db.netkeiba.com/horse/result/2017105326/,
501,アディクティドの2017,サクセッション,,ok_verified_override,2017105181,2017-03-14,2017-03-14,ok,アディクティド,キングカメハメハ,ディクタット,牡,155,174.5,21.3,473,519,500.2,5000.0,netkeiba_horse_top,,0.7452830188679245,provisional_54_of_80,2022-08-23,14,3,5411.5,1,ok,12318.0,0.0,https://db.netkeiba.com/horse/2017105181/,https://db.netkeiba.com/horse/result/2017105181/,
502,ポロンナルワの2017,アヌラーダプラ,,ok_name_search,2017105553,2017-04-17,2017-04-17,ok,ポロンナルワ,キングカメハメハ,Rahy,牝,152.5,171,19.1,412,485,438.9,3600.0,netkeiba_horse_top,,0.6320754716981132,provisional_54_of_80,2022-08-23,10,5,7603.1,1,ok,7603.0,0.0,https://db.netkeiba.com/horse/2017105553/,https://db.netkeiba.com/horse/result/2017105553/,
503,ペルレンケッテの2017,バンデアミール,,ok_verified_override,2017105543,2017-02-13,2017-02-13,ok,ペルレンケッテ,ロードカナロア,ディープインパクト,牡,154,176.5,21.2,471,548,489.2,4000.0,netkeiba_horse_top,,0.6886792452830188,provisional_54_of_80,2022-08-23,1,0,0.0,0,ok,0.0,0.0,https://db.netkeiba.com/horse/2017105543/,https://db.netkeiba.com/horse/result/2017105543/,
504,ローガンサファイアの2017,エルサフィーロ,,ok_verified_override,2017105657,2017-04-01,2017-04-01,ok,ローガンサファイア,ロードカナロア,ダイワメジャー,牡,148,168,20.2,409,501,445.8,4400.0,Carrot official 2018 catalogue,,0.7169811320754716,provisional_54_of_80,2022-08-23,44,10,1079.5,1,ok,0.0,1079.0,https://db.netkeiba.com/horse/2017105657/,https://db.netkeiba.com/horse/result/2017105657/,price filled from verified official catalogue fallback
505,マチカネエンジイロの2017,サクライロ,,ok_name_search,2017105559,2017-03-04,2017-03-04,ok,マチカネエンジイロ,ロードカナロア,サンデーサイレンス,牝,154,176,20,457,529,462.5,2800.0,netkeiba_horse_top,,0.4716981132075472,provisional_54_of_80,2022-08-23,5,0,440.0,0,ok,440.0,0.0,https://db.netkeiba.com/horse/2017105559/,https://db.netkeiba.com/horse/result/2017105559/,
506,エクレールアンジュの2017,カドーダンジュ,,ok_mare_fallback,2017105242,2017-03-14,2017-03-14,ok,エクレールアンジュ,ロードカナロア,ゼンノロブロイ,牝,150,170,19,428,519,439.8,2600.0,netkeiba_horse_top,,0.4528301886792453,provisional_54_of_80,2022-08-23,1,0,0.0,0,ok,0.0,0.0,https://db.netkeiba.com/horse/2017105242/,https://db.netkeiba.com/horse/result/2017105242/,
507,フロアクラフトの2017,ピクチャーポーズ,,ok_name_search,2017105518,2017-03-19,2017-03-19,ok,フロアクラフト,ロードカナロア,フジキセキ,牝,151,173.5,20,440,514,450.1,3600.0,netkeiba_horse_top,,0.6320754716981132,provisional_54_of_80,2022-08-23,4,0,237.0,0,ok,237.0,0.0,https://db.netkeiba.com/horse/2017105518/,https://db.netkeiba.com/horse/result/2017105518/,
508,クルミナルの2017,イルミナル,,ok_mare_fallback,2017105296,2017-03-31,2017-03-31,ok,クルミナル,ロードカナロア,ディープインパクト,牝,146.5,166.5,19,404,502,422.5,3000.0,netkeiba_horse_top,,0.5377358490566038,provisional_54_of_80,2022-08-23,7,0,846.0,0,ok,846.0,0.0,https://db.netkeiba.com/horse/2017105296/,https://db.netkeiba.com/horse/result/2017105296/,
509,リッチダンサーの2017,クロスキー,,no_candidate,,2017-03-25,,,リッチダンサー,ハーツクライ,Ｈａｌｌｉｎｇ,牡,154.5,178.5,21.3,481,508,507.2,,,,,provisional_54_of_80,2022-08-23,,,,,,,,,,netkeiba mapping candidate not found
510,クルソラの2017,ラクンパルシータ,,ok_name_search,2017105295,2017-05-06,2017-05-06,ok,クルソラ,ハーツクライ,Candy Stripes,牡,155,170.5,20.5,440,466,491.5,5000.0,netkeiba_horse_top,,0.7452830188679245,provisional_54_of_80,2022-08-23,4,0,180.0,0,ok,180.0,0.0,https://db.netkeiba.com/horse/2017105295/,https://db.netkeiba.com/horse/result/2017105295/,
511,ウィーミスフランキーの2017,アクロアイト,,ok_name_search,2017105222,2017-03-07,2017-03-07,ok,ウィーミスフランキー,ハーツクライ,Sunriver,牝,152.5,174,19.3,435,526,445.2,2400.0,netkeiba_horse_top,,0.37735849056603776,provisional_54_of_80,2022-08-23,2,1,600.0,0,ok,600.0,0.0,https://db.netkeiba.com/horse/2017105222/,https://db.netkeiba.com/horse/result/2017105222/,
512,シーディドアラバイの2017,ノーエクスキューズ,,ok_name_search,2017105367,2017-04-05,2017-04-05,ok,シーディドアラバイ,エピファネイア,ジャングルポケット,牡,154,180.5,20.5,463,497,496.5,3000.0,netkeiba_horse_top,,0.5377358490566038,provisional_54_of_80,2022-08-23,9,1,1397.0,0,ok,1594.0,0.0,https://db.netkeiba.com/horse/2017105367/,https://db.netkeiba.com/horse/result/2017105367/,
513,シーズンズベストの2017,シーズンズギフト,,ok_name_search,2017105366,2017-02-22,2017-02-22,ok,シーズンズベスト,エピファネイア,ゼンノロブロイ,牝,152.5,176,20.3,460,539,460.4,1800.0,netkeiba_horse_top,,0.1320754716981132,provisional_54_of_80,2022-08-23,15,2,6634.4,1,ok,6634.0,0.0,https://db.netkeiba.com/horse/2017105366/,https://db.netkeiba.com/horse/result/2017105366/,
514,フェルミオンの2017,フェルミスフィア,,ok_mare_fallback,2017105509,2017-05-02,2017-05-02,ok,フェルミオン,エピファネイア,アグネスタキオン,牝,150.5,172.5,19.6,420,470,444.7,2200.0,netkeiba_horse_top,,0.3018867924528302,provisional_54_of_80,2022-08-23,15,4,6451.3,1,ok,7271.0,0.0,https://db.netkeiba.com/horse/2017105509/,https://db.netkeiba.com/horse/result/2017105509/,
515,パラダイスコーブの2017,ラルワースコーヴ,,ok_mare_fallback,2017105130,2017-02-09,2017-02-09,ok,パラダイスコーブ,キズナ,キングカメハメハ,牝,155.5,175,19.5,419,552,431.8,,,,,provisional_54_of_80,2022-08-23,18,3,499.5,1,ok,200.0,548.0,https://db.netkeiba.com/horse/2017105130/,https://db.netkeiba.com/horse/result/2017105130/,recruitment price unresolved
516,カメリアローズの2017,バインドウィード,,ok_mare_fallback,2017105270,2017-04-19,2017-04-19,ok,カメリアローズ,キズナ,ホワイトマズル,牝,154,170,19.5,439,483,462.3,1800.0,netkeiba_horse_top,,0.1320754716981132,provisional_54_of_80,2022-08-23,1,0,180.0,0,ok,180.0,0.0,https://db.netkeiba.com/horse/2017105270/,https://db.netkeiba.com/horse/result/2017105270/,
517,キューの2017,ベルクハイム,,no_candidate,,2017-04-16,,,キュー,オルフェーヴル,フレンチデピュティ,牡,155,179,20.4,476,486,509.9,,,,,provisional_54_of_80,2022-08-23,,,,,,,,,,netkeiba mapping candidate not found
518,フォルテピアノの2017,アコルドエール,,ok_mare_fallback,2017105135,2017-04-17,2017-04-17,ok,フォルテピアノ,オルフェーヴル,フレンチデピュティ,牡,153.5,171,19.8,437,485,480.6,3000.0,netkeiba_horse_top,,0.5377358490566038,provisional_54_of_80,2022-08-23,16,2,2200.0,1,ok,3189.0,0.0,https://db.netkeiba.com/horse/2017105135/,https://db.netkeiba.com/horse/result/2017105135/,
519,コケレールの2017,アヴァンセヴェリテ,,ok_name_search,2017105313,2017-02-12,2017-02-12,ok,コケレール,オルフェーヴル,Ｚａｍｉｎｄａｒ,牝,159,177.5,19.7,452,549,460.8,2400.0,netkeiba_horse_top,,0.37735849056603776,provisional_54_of_80,2022-08-23,3,0,180.0,0,ok,180.0,0.0,https://db.netkeiba.com/horse/2017105313/,https://db.netkeiba.com/horse/result/2017105313/,
520,ジャッキーテーストの2017,エクスプレッサー,,no_candidate,,2017-04-29,,,ジャッキーテースト,スクリーンヒーロー,カーネギー,牡,152,177.5,20.2,446,473,486.6,,,,,provisional_54_of_80,2022-08-23,,,,,,,,,,netkeiba mapping candidate not found
521,ドルチェリモーネの2017,アシェットデセール,,ok_mare_fallback,2017105122,2017-01-22,2017-01-22,ok,ドルチェリモーネ,ルーラーシップ,サンデーサイレンス,牡,152,173,20,451,570,464.6,2400.0,netkeiba_horse_top,,0.37735849056603776,provisional_54_of_80,2022-08-23,10,1,966.0,0,ok,1086.0,0.0,https://db.netkeiba.com/horse/2017105122/,https://db.netkeiba.com/horse/result/2017105122/,
522,クロノロジストの2017,クロトノーナ,,ok_name_search,2017105300,2017-03-22,2017-03-22,ok,クロノロジスト,ルーラーシップ,クロフネ,牝,153,172.5,19,400,511,424.2,1600.0,netkeiba_horse_top,,0.0660377358490566,provisional_54_of_80,2022-08-23,6,0,77.0,0,ok,77.0,0.0,https://db.netkeiba.com/horse/2017105300/,https://db.netkeiba.com/horse/result/2017105300/,
523,ラドラーダの2017,アブソルティスモ,,ok_mare_fallback,2017105610,2017-01-20,2017-01-20,ok,ラドラーダ,ダイワメジャー,シンボリクリスエス,牡,155,181,21.5,504,572,507.1,10000.0,netkeiba_horse_top,,0.9716981132075472,provisional_54_of_80,2022-08-23,11,2,4612.0,1,ok,4612.0,0.0,https://db.netkeiba.com/horse/2017105610/,https://db.netkeiba.com/horse/result/2017105610/,
524,イグジビットワンの2017,マスターワーク,,ok_name_search,2017105211,2017-04-01,2017-04-01,ok,イグジビットワン,ダイワメジャー,Ｓｉｌｖｅｒ Hawk,牝,155,174.5,20.4,450,501,466.2,2000.0,netkeiba_horse_top,,0.22641509433962265,provisional_54_of_80,2022-08-23,10,2,2351.0,1,ok,2351.0,0.0,https://db.netkeiba.com/horse/2017105211/,https://db.netkeiba.com/horse/result/2017105211/,
525,マルティンスタークの2017,リグージェ,,no_candidate,,2017-02-24,,,マルティンスターク,ブラックタイド,シンボリクリスエス,牡,157,178,21,467,537,496.3,,,,,provisional_54_of_80,2022-08-23,,,,,,,,,,netkeiba mapping candidate not found
526,スルーレートの2017,タイダルフォース,,no_candidate,,2017-02-25,,,スルーレート,ブラックタイド,フレンチデピュティ,牡,151.5,176,20.6,441,536,466.4,,,,,provisional_54_of_80,2022-08-23,,,,,,,,,,netkeiba mapping candidate not found
527,ヒカルアモーレの2017,フルジェンテ,,ok_mare_fallback,2017105131,2017-05-11,2017-05-11,ok,ヒカルアモーレ,ジャスタウェイ,クロフネ,牡,157,178,20.3,479,461,522.8,3600.0,netkeiba_horse_top,,0.6320754716981132,provisional_54_of_80,2022-08-23,,,,,result_table_missing,0.0,0.0,https://db.netkeiba.com/horse/2017105131/,https://db.netkeiba.com/horse/result/2017105131/,
528,ユールフェストの2017,ユールファーナ,,no_candidate,,2017-04-14,,,ユールフェスト,ジャスタウェイ,More Than Ready,牝,152.5,174,19.6,410,488,435.6,,,,,provisional_54_of_80,2022-08-23,,,,,,,,,,netkeiba mapping candidate not found
529,ディアデラノビアの2017,グレイトオーサー,,no_candidate,,2017-03-07,,,ディアデラノビア,ノヴェリスト,サンデーサイレンス,牡,154,178.5,20.6,446,526,478.2,,,,,provisional_54_of_80,2022-08-23,,,,,,,,,,netkeiba mapping candidate not found
530,サンブルエミューズの2017,ヴェスターヴァルト,,ok_mare_fallback,2017105332,2017-03-16,2017-03-16,ok,サンブルエミューズ,ノヴェリスト,ダイワメジャー,牡,150,169,20,427,517,457.8,2000.0,netkeiba_horse_top,,0.22641509433962265,provisional_54_of_80,2022-08-23,20,4,8115.4,1,ok,8115.0,0.0,https://db.netkeiba.com/horse/2017105332/,https://db.netkeiba.com/horse/result/2017105332/,
531,ゼマティスの2017,シェーネメロディ,,ok_mare_fallback,2017105404,2017-03-08,2017-03-08,ok,ゼマティス,ノヴェリスト,ゼンノロブロイ,牝,150.5,174,19.8,450,525,453.9,1200.0,netkeiba_horse_top,,0.0,provisional_54_of_80,2022-08-23,5,0,710.0,0,ok,710.0,0.0,https://db.netkeiba.com/horse/2017105404/,https://db.netkeiba.com/horse/result/2017105404/,
532,カロンセギュールの2017,マクラーレンベール,,ok_mare_fallback,2017105278,2017-04-17,2017-04-18,mismatch,カロンセギュール,キンシャサノキセキ,Forest Camp,牡,151,169,20.5,435,485,474.0,2000.0,netkeiba_horse_top,,0.22641509433962265,provisional_54_of_80,2022-08-23,6,0,0.0,0,ok,0.0,0.0,https://db.netkeiba.com/horse/2017105278/,https://db.netkeiba.com/horse/result/2017105278/,birthday mismatch seed=2017-04-17 detail=2017-04-18
533,レインオアシャインの2017,サザンレインボー,,ok_mare_fallback,2017100538,2017-04-10,2017-04-10,ok,レインオアシャイン,サウスヴィグラス,キングカメハメハ,牡,155,176.5,20.5,477,492,509.0,1600.0,netkeiba_horse_top,,0.0660377358490566,provisional_54_of_80,2022-08-23,7,2,1800.0,1,ok,1800.0,0.0,https://db.netkeiba.com/horse/2017100538/,https://db.netkeiba.com/horse/result/2017100538/,
534,タイトルパートの2017,リーディングパート,,ok_name_search,2017105410,2017-02-12,2017-02-12,ok,タイトルパート,ハービンジャー,アグネスタキオン,牝,155,178,19.8,431,549,439.2,,,,,provisional_54_of_80,2022-08-23,12,1,1521.4,0,ok,1521.0,0.0,https://db.netkeiba.com/horse/2017105410/,https://db.netkeiba.com/horse/result/2017105410/,recruitment price unresolved
535,メガクライトの2017,フラムエトワール,,ok_mare_fallback,2017105586,2017-02-04,2017-02-04,ok,メガクライト,パイロ,アグネスタキオン,牝,151.5,175,20,447,557,445.7,1400.0,netkeiba_horse_top,,0.018867924528301886,provisional_54_of_80,2022-08-23,,,,,result_table_missing,0.0,0.0,https://db.netkeiba.com/horse/2017105586/,https://db.netkeiba.com/horse/result/2017105586/,
536,パシフィックリムの2017,デイトライン,,ok_name_search,2017105475,2017-04-19,2017-04-19,ok,パシフィックリム,Ｚｏｆｆａｎｙ,Singspiel,牝,151,176,19.5,439,483,454.6,2400.0,netkeiba_horse_top,,0.37735849056603776,provisional_54_of_80,2022-08-23,4,0,440.0,0,ok,440.0,0.0,https://db.netkeiba.com/horse/2017105475/,https://db.netkeiba.com/horse/result/2017105475/,
537,クリソプレーズの2017,ヴァーダイト,,ok_mare_fallback,2017105293,2017-02-17,2017-02-18,mismatch,クリソプレーズ,ディープインパクト,エルコンドルパサー,牡,162,172,21,429,544,481.5,12000.0,netkeiba_horse_top,,1.0,provisional_54_of_80,2022-08-23,17,4,4847.0,1,ok,4847.0,0.0,https://db.netkeiba.com/horse/2017105293/,https://db.netkeiba.com/horse/result/2017105293/,birthday mismatch seed=2017-02-17 detail=2017-02-18
538,レディドーヴィルの2017,トゥルーヴィル,,ok_mare_fallback,2017105642,2017-03-06,2017-03-06,ok,レディドーヴィル,ディープインパクト,ファスリエフ,牡,153,168,20.6,411,527,452.5,8000.0,netkeiba_horse_top,,0.9150943396226415,provisional_54_of_80,2022-08-23,15,3,6220.8,1,ok,6963.0,0.0,https://db.netkeiba.com/horse/2017105642/,https://db.netkeiba.com/horse/result/2017105642/,
539,シェルズレイの2017,レイパパレ,,ok_name_search,2017105335,2017-01-28,2017-01-28,ok,シェルズレイ,ディープインパクト,クロフネ,牝,155,169,19.2,420,564,432.1,6000.0,netkeiba_horse_top,,0.8113207547169812,provisional_54_of_80,2022-08-23,13,6,38314.7,1,ok,39314.0,0.0,https://db.netkeiba.com/horse/2017105335/,https://db.netkeiba.com/horse/result/2017105335/,
540,シンハリーズの2017,ライティア,,ok_name_search,2017105354,2017-04-21,2017-04-21,ok,シンハリーズ,ディープインパクト,Singspiel,牝,149,167,19,392,481,421.9,6000.0,netkeiba_horse_top,,0.8113207547169812,provisional_54_of_80,2022-08-23,10,3,6330.2,1,ok,8433.0,0.0,https://db.netkeiba.com/horse/2017105354/,https://db.netkeiba.com/horse/result/2017105354/,
541,ファッションプレートの2017,クレイジーキルト,,ok_name_search,2017105503,2017-05-12,2017-05-12,ok,ファッションプレート,ディープインパクト,Ｏｌｄ Fashioned,牝,147,170,19.5,383,460,415.7,,,,,provisional_54_of_80,2022-08-23,2,0,0.0,0,ok,0.0,0.0,https://db.netkeiba.com/horse/2017105503/,https://db.netkeiba.com/horse/result/2017105503/,recruitment price unresolved
542,ディアマイベイビーの2017,キングサーガ,,no_candidate,,2017-05-24,,,ディアマイベイビー,キングカメハメハ,ディープインパクト,牡,153,172.5,20,424,448,480.7,,,,,provisional_54_of_80,2022-08-23,,,,,,,,,,netkeiba mapping candidate not found
543,レディシャツィの2017,ナスタチューム,,ok_name_search,2017105165,2017-02-03,2017-02-03,ok,レディシャツィ,キングカメハメハ,Privately Held,牝,159,182,20,457,558,460.3,,,,,provisional_54_of_80,2022-08-23,26,2,90.6,1,ok,0.0,90.0,https://db.netkeiba.com/horse/2017105165/,https://db.netkeiba.com/horse/result/2017105165/,recruitment price unresolved
544,ヒストリックスターの2017,ゴールドティア,,ok_name_search,2017105483,2017-03-27,2017-03-27,ok,ヒストリックスター,キングカメハメハ,ファルブラヴ,牝,151,173,20.2,436,506,449.4,6000.0,netkeiba_horse_top,,0.8113207547169812,provisional_54_of_80,2022-08-23,17,3,5526.6,1,ok,5526.0,0.0,https://db.netkeiba.com/horse/2017105483/,https://db.netkeiba.com/horse/result/2017105483/,
545,シーザリオの2017,ファーストフォリオ,,ok_name_search,2017105360,2017-05-01,2017-05-01,ok,シーザリオ,キングカメハメハ,スペシャルウィーク,牝,150.5,168.5,19,415,471,442.5,7000.0,netkeiba_horse_top,,0.8773584905660378,provisional_54_of_80,2022-08-23,18,4,6870.2,1,ok,6870.0,0.0,https://db.netkeiba.com/horse/2017105360/,https://db.netkeiba.com/horse/result/2017105360/,
546,グランデアモーレの2017,グランデマーレ,,no_candidate,,2017-02-07,,,グランデアモーレ,ロードカナロア,ネオユニヴァース,牡,158,175,20.4,473,554,497.5,,,,,provisional_54_of_80,2022-08-23,,,,,,,,,,netkeiba mapping candidate not found
547,ローズノーブルの2017,ジュビリーヘッド,,ok_mare_fallback,2017105661,2017-03-31,2017-03-31,ok,ローズノーブル,ロードカナロア,ディープインパクト,牡,149,168.5,20.3,404,502,444.7,,,,,provisional_54_of_80,2022-08-23,20,4,11214.9,1,ok,15594.0,105.0,https://db.netkeiba.com/horse/2017105661/,https://db.netkeiba.com/horse/result/2017105661/,recruitment price unresolved
548,リリサイドの2017,リリレフア,,ok_name_search,2017105624,2017-01-28,2017-01-28,ok,リリサイド,ロードカナロア,American Post,牝,158,174.5,19.4,437,564,446.3,6000.0,netkeiba_horse_top,,0.8113207547169812,provisional_54_of_80,2022-08-23,4,0,201.0,0,ok,185.0,16.0,https://db.netkeiba.com/horse/2017105624/,https://db.netkeiba.com/horse/result/2017105624/,
549,シシリアンブリーズの2017,ジルジェンティ,,ok_name_search,2017105336,2017-02-24,2017-02-24,ok,シシリアンブリーズ,ロードカナロア,ゼンノロブロイ,牝,154.5,171,19.5,423,537,438.7,3000.0,netkeiba_horse_top,,0.5377358490566038,provisional_54_of_80,2022-08-23,8,0,187.0,0,ok,187.0,0.0,https://db.netkeiba.com/horse/2017105336/,https://db.netkeiba.com/horse/result/2017105336/,
550,バッシフローラの2017,デイトライン,,no_candidate,,2017-05-09,,,バッシフローラ,ロードカナロア,ディープインパクト,牝,148.5,169,19,392,463,424.1,,,,,provisional_54_of_80,2022-08-23,,,,,,,,,,netkeiba mapping candidate not found
551,フォンタネリーチェの2017,サンテルノ,,ok_mare_fallback,2017105511,2017-01-22,2017-01-22,ok,フォンタネリーチェ,ハーツクライ,Vale of York,牡,158,182.5,21,489,570,504.6,,,,,provisional_54_of_80,2022-08-23,9,0,180.0,0,ok,180.0,436.0,https://db.netkeiba.com/horse/2017105511/,https://db.netkeiba.com/horse/result/2017105511/,recruitment price unresolved
552,リトルディッパーの2017,フェルカド,,ok_mare_fallback,2017104967,2017-03-09,2017-03-09,ok,リトルディッパー,ハーツクライ,アグネスワールド,牡,155,173,19.8,440,524,476.2,,,,,provisional_54_of_80,2022-08-23,33,3,908.5,1,ok,700.0,586.0,https://db.netkeiba.com/horse/2017104967/,https://db.netkeiba.com/horse/result/2017104967/,recruitment price unresolved
553,ピューリティーの2017,ラインハイト,,ok_mare_fallback,2017105495,2017-04-09,2017-04-09,ok,ピューリティー,ハーツクライ,パントセレブル,牝,150,175.5,19.8,429,493,444.0,,,,,provisional_54_of_80,2022-08-23,19,3,4813.1,1,ok,4813.0,187.0,https://db.netkeiba.com/horse/2017105495/,https://db.netkeiba.com/horse/result/2017105495/,recruitment price unresolved
554,アリテリテの2017,アルテフィーチェ,,no_candidate,,2017-02-15,,,アリテリテ,ハーツクライ,Literato,牝,154,180.5,19.7,462,546,459.7,,,,,provisional_54_of_80,2022-08-23,,,,,,,,,,netkeiba mapping candidate not found
555,フェリシアの2017,シャルロワ,,ok_name_search,2017105040,2017-05-04,2017-05-04,ok,フェリシア,ハーツクライ,グラスワンダー,牝,156,175.5,19.6,457,468,479.0,2000.0,netkeiba_horse_top,,0.22641509433962265,provisional_54_of_80,2022-08-23,23,1,1313.0,0,ok,1313.0,0.0,https://db.netkeiba.com/horse/2017105040/,https://db.netkeiba.com/horse/result/2017105040/,
556,アヴェンチュラの2017,カイザーライン,,ok_mare_fallback,2017105174,2017-01-19,2017-01-19,ok,アヴェンチュラ,エピファネイア,ジャングルポケット,牡,153,184.5,21.5,491,573,494.0,6000.0,netkeiba_horse_top,,0.8113207547169812,provisional_54_of_80,2022-08-23,4,1,664.0,0,ok,664.0,0.0,https://db.netkeiba.com/horse/2017105174/,https://db.netkeiba.com/horse/result/2017105174/,
557,ディアデラマドレの2017,クラヴェル,,ok_mare_fallback,2017105438,2017-02-15,2017-02-15,ok,ディアデラマドレ,エピファネイア,キングカメハメハ,牝,151.5,172.5,19.4,420,546,429.1,3600.0,netkeiba_horse_top,,0.6320754716981132,provisional_54_of_80,2022-08-23,15,3,10525.2,1,ok,10525.0,0.0,https://db.netkeiba.com/horse/2017105438/,https://db.netkeiba.com/horse/result/2017105438/,
558,アンレールの2017,パドゥヴァルス,,ok_name_search,2017105207,2017-03-24,2017-03-24,ok,アンレール,エピファネイア,ディープインパクト,牝,149.5,172,19.6,436,509,446.5,2000.0,netkeiba_horse_top,,0.22641509433962265,provisional_54_of_80,2022-08-23,4,2,1430.0,1,ok,1430.0,0.0,https://db.netkeiba.com/horse/2017105207/,https://db.netkeiba.com/horse/result/2017105207/,
559,ストールンハートの2017,タイズオブハート,,ok_mare_fallback,2017105390,2017-01-30,2017-01-30,ok,ストールンハート,キズナ,Stuka,牝,156,178.5,20.2,444,562,447.4,,,,,provisional_54_of_80,2022-08-23,22,0,322.0,0,ok,280.0,42.0,https://db.netkeiba.com/horse/2017105390/,https://db.netkeiba.com/horse/result/2017105390/,recruitment price unresolved
560,ディメンティカタの2017,レミニシェンザ,,ok_name_search,2017105444,2017-04-19,2017-04-19,ok,ディメンティカタ,オルフェーヴル,Danetime,牝,153,176,19.2,427,483,448.5,1600.0,netkeiba_horse_top,,0.0660377358490566,provisional_54_of_80,2022-08-23,16,2,2384.0,1,ok,2824.0,0.0,https://db.netkeiba.com/horse/2017105444/,https://db.netkeiba.com/horse/result/2017105444/,
561,サトノジュピターの2017,アステロイドベルト,,ok_mare_fallback,2017105321,2017-03-05,2017-03-05,ok,サトノジュピター,ルーラーシップ,アグネスタキオン,牡,152,175.5,20,423,528,457.4,3000.0,netkeiba_horse_top,,0.5377358490566038,provisional_54_of_80,2022-08-23,18,3,4629.6,1,ok,5557.0,0.0,https://db.netkeiba.com/horse/2017105321/,https://db.netkeiba.com/horse/result/2017105321/,
562,プリンセスカメリアの2017,アイスジェイド,,ok_mare_fallback,2017105619,2017-05-14,2017-05-15,mismatch,プリンセスカメリア,ルーラーシップ,サンデーサイレンス,牡,155,168.5,20.5,397,458,465.8,2400.0,netkeiba_horse_top,,0.37735849056603776,provisional_54_of_80,2022-08-23,14,1,1974.7,0,ok,1974.0,0.0,https://db.netkeiba.com/horse/2017105619/,https://db.netkeiba.com/horse/result/2017105619/,birthday mismatch seed=2017-05-14 detail=2017-05-15 | legacy name corrected: アイスジェイド -> ヴォリアーモ
563,マラコスダムブラダの2017,レシステンシア,,no_candidate,,2017-03-15,,,マラコスダムブラダ,ダイワメジャー,Lizard Island,牝,153.5,179,20,482,518,480.9,,,,,provisional_54_of_80,2022-08-23,,,,,,,,,,netkeiba mapping candidate not found
564,ピュアブリーゼの2017,ルヴァン,,ok_name_search,2017105493,2017-02-05,2017-02-05,ok,ピュアブリーゼ,ブラックタイド,Monsun,牡,154,176,20.3,440,556,466.3,,,,,provisional_54_of_80,2022-08-23,22,3,5126.0,1,ok,5126.0,274.0,https://db.netkeiba.com/horse/2017105493/,https://db.netkeiba.com/horse/result/2017105493/,recruitment price unresolved
565,バロネスサッチャーの2017,グランドデューク,,ok_name_search,2017105473,2017-03-21,2017-03-21,ok,バロネスサッチャー,ジャスタウェイ,ヨハネスブルグ,牡,151,177.5,20,457,512,481.2,2400.0,netkeiba_horse_top,,0.37735849056603776,provisional_54_of_80,2022-08-23,7,1,773.0,0,ok,773.0,0.0,https://db.netkeiba.com/horse/2017105473/,https://db.netkeiba.com/horse/result/2017105473/,
566,イストワールの2017,ウェイヴァリー,,ok_mare_fallback,2017105073,2017-02-01,2017-02-01,ok,イストワール,ノヴェリスト,サンデーサイレンス,牡,159.5,178,20.6,497,560,515.3,1800.0,netkeiba_horse_top,,0.1320754716981132,provisional_54_of_80,2022-08-23,19,2,1361.0,1,ok,1261.0,100.0,https://db.netkeiba.com/horse/2017105073/,https://db.netkeiba.com/horse/result/2017105073/,
567,ヴェラブランカの2017,ヴェラアズール,,no_candidate,,2017-01-19,,,ヴェラブランカ,エイシンフラッシュ,クロフネ,牡,160,181,21.2,483,573,504.8,,,,,provisional_54_of_80,2022-08-23,,,,,,,,,,netkeiba mapping candidate not found
568,ソラコマチの2017,ジェネティクス,,ok_mare_fallback,2017102686,2017-02-28,2017-02-28,ok,ソラコマチ,サウスヴィグラス,サクラバクシンオー,牡,151,179,20.5,492,533,498.9,2000.0,netkeiba_horse_top,,0.22641509433962265,provisional_54_of_80,2022-08-23,12,5,7797.7,1,ok,8687.0,0.0,https://db.netkeiba.com/horse/2017102686/,https://db.netkeiba.com/horse/result/2017102686/,
569,カフヴァールの2017,ベレヌス,,ok_name_search,2017105269,2017-03-06,2017-03-06,ok,カフヴァール,タートルボウル,デュランダル,牡,156,174,21.2,457,527,490.1,1600.0,netkeiba_horse_top,,0.0660377358490566,provisional_54_of_80,2022-08-23,21,5,12482.3,1,ok,13882.0,0.0,https://db.netkeiba.com/horse/2017105269/,https://db.netkeiba.com/horse/result/2017105269/,
570,カラベルラティーナの2017,ケープオブストーム,,no_candidate,,2017-02-06,,,カラベルラティーナ,トゥザグローリー,クロフネ,牡,159.5,180.5,21.5,494,555,515.6,,,,,provisional_54_of_80,2022-08-23,,,,,,,,,,netkeiba mapping candidate not found
571,ジュモーの2017,クロワドフェール,,ok_name_search,2017105373,2017-03-20,2017-03-20,ok,ジュモー,ハービンジャー,タニノギムレット,牝,153.5,175,19,442,513,454.0,3000.0,netkeiba_horse_top,,0.5377358490566038,provisional_54_of_80,2022-08-23,15,3,4872.5,1,ok,4872.0,0.0,https://db.netkeiba.com/horse/2017105373/,https://db.netkeiba.com/horse/result/2017105373/,
572,トゥザレジェンドの2017,プリマグラード,,ok_name_search,2017105450,2017-02-02,2017-02-02,ok,トゥザレジェンド,ヘニーヒューズ,キングカメハメハ,牝,154,175,19.3,455,559,454.3,2400.0,netkeiba_horse_top,,0.37735849056603776,provisional_54_of_80,2022-08-23,2,1,900.0,0,ok,900.0,0.0,https://db.netkeiba.com/horse/2017105450/,https://db.netkeiba.com/horse/result/2017105450/,
573,スペクトロライトの2017,ライトウォーリア,,ok_mare_fallback,2017105395,2017-02-13,2017-02-13,ok,スペクトロライト,マジェスティックウォリアー,ディープインパクト,牡,157,175,20.7,458,548,487.3,2000.0,netkeiba_horse_top,,0.22641509433962265,provisional_54_of_80,2022-08-23,19,5,8259.9,1,ok,8167.0,23642.0,https://db.netkeiba.com/horse/2017105395/,https://db.netkeiba.com/horse/result/2017105395/,
574,スネガエクスプレスの2017,チェルヴィーノ,,no_candidate,,2017-02-02,,,スネガエクスプレス,リアルインパクト,ウォーエンブレム,牝,158.5,183,20.2,490,559,483.2,,,,,provisional_54_of_80,2022-08-23,,,,,,,,,,netkeiba mapping candidate not found
575,ピースアンドウォーの2017,ヴァルキュリア,,ok_name_search,2017105498,2017-04-01,2017-04-01,ok,ピースアンドウォー,Tapit,War Front,牝,148,168,19.6,437,501,448.9,4000.0,netkeiba_horse_top,,0.6886792452830188,provisional_54_of_80,2022-08-23,8,3,3675.9,1,ok,6584.0,0.0,https://db.netkeiba.com/horse/2017105498/,https://db.netkeiba.com/horse/result/2017105498/,
576,ザガールインザットソングの2017,アヴァンセヴェリテ,,no_candidate,,2017-01-31,,,ザガールインザットソング,Honor Code,My Golden Song,牝,153,171,19.4,434,561,439.1,,,,,provisional_54_of_80,2022-08-23,,,,,,,,,,netkeiba mapping candidate not found
